timestamp,user,content,is_question,is_answer
07:58,田博士带娃学习,3岁以上，直接拍1号链接99元21天，0基础弱基础启蒙识字，小朋友快速打破识字瓶颈～,False,True
07:59,田博士带娃学习,正在讲解：3-8岁快速识字、自主阅读方法！0基础可用！1号链接名额有限，先到先得！,False,True
08:00,田博士带娃学习,支持各类手机/平板/学习机！APP内每阅读20分钟自动护眼提醒！,False,True
08:01,田博士带娃学习,1号链接99元21天APP阅读卡，养成识字习惯，锻炼阅读思维，娃不累、妈不操心！,False,True
08:02,田博士带娃学习,今天在直播间下单，除产品外让孩子再拥有一个专属识字指导客服,False,True
08:03,田博士带娃学习,特别提醒！一号链接21天会员畅享，不含平板&学习机哦,False,True
08:04,田博士带娃学习,仅直播间活动力度，优惠数量有限，每个手机号码限购一次哦,False,True
08:05,田博士带娃学习,软件提供超3000本精致绘本，包含典故、名著、小百科，培养并激励孩子的识字积极性哦~,False,True
08:05,田博士带娃学习,@🌈*** 1号链接99元21天APP阅读卡，养成识字习惯，锻炼阅读思维，娃不累、妈不操心！,False,True
08:06,田博士带娃学习,下单后务必查看短信！点击链接，核销领取🌟专属客服🌟协助产品开通、使用！,False,True
08:06,陌***,3岁能学吗？,True,False
08:06,田博士带娃学习,@陌*** 可以,False,True
08:07,🌈***,两岁多能学会吗？,True,False
08:07,田博士带娃学习,@🌈*** 3岁以上，直接拍1号链接99元21天，0基础弱基础启蒙识字，小朋友快速打破识字瓶颈～,False,True
08:07,田博士带娃学习,3岁以上，直接拍1号链接99元21天，0基础弱基础启蒙识字，小朋友快速打破识字瓶颈～,False,True
08:08,田博士带娃学习,正在讲解：3-8岁快速识字、自主阅读方法！0基础可用！1号链接名额有限，先到先得！,False,True
08:09,田博士带娃学习,支持各类手机/平板/学习机！APP内每阅读20分钟自动护眼提醒！,False,True
08:10,田博士带娃学习,1号链接99元21天APP阅读卡，养成识字习惯，锻炼阅读思维，娃不累、妈不操心！,False,True
08:10,漫***,会不会近视,True,False
08:10,田博士带娃学习,支持各类手机/平板/学习机！APP内每阅读20分钟自动护眼提醒！,False,True
08:11,田博士带娃学习,今天在直播间下单，除产品外让孩子再拥有一个专属识字指导客服,False,True
08:12,田博士带娃学习,特别提醒！一号链接21天会员畅享，不含平板&学习机哦,False,True
08:13,田博士带娃学习,仅直播间活动力度，优惠数量有限，每个手机号码限购一次哦,False,True
08:14,田博士带娃学习,软件提供超3000本精致绘本，包含典故、名著、小百科，培养并激励孩子的识字积极性哦~,False,True
08:15,田博士带娃学习,下单后务必查看短信！点击链接，核销领取🌟专属客服🌟协助产品开通、使用！,False,True
08:16,田博士带娃学习,3岁以上，直接拍1号链接99元21天，0基础弱基础启蒙识字，小朋友快速打破识字瓶颈～,False,True
08:17,田博士带娃学习,正在讲解：3-8岁快速识字、自主阅读方法！0基础可用！1号链接名额有限，先到先得！,False,True
08:18,田博士带娃学习,支持各类手机/平板/学习机！APP内每阅读20分钟自动护眼提醒！,False,True
08:19,田博士带娃学习,1号链接99元21天APP阅读卡，养成识字习惯，锻炼阅读思维，娃不累、妈不操心！,False,True
08:19,天***,我在孩子小班时买的这个，现在上中班了还没开始用！,True,False
08:19,田博士带娃学习,@天*** 3岁以上，直接拍1号链接99元21天，0基础弱基础启蒙识字，小朋友快速打破识字瓶颈～,False,True
08:20,田博士带娃学习,今天在直播间下单，除产品外让孩子再拥有一个专属识字指导客服,False,True
08:20,天***,99买的[赞],False,False
08:20,田博士带娃学习,正在讲解：3-8岁快速识字、自主阅读方法！0基础可用！1号链接名额有限，先到先得！,False,True
08:21,田博士带娃学习,特别提醒！一号链接21天会员畅享，不含平板&学习机哦,False,True
08:22,田博士带娃学习,仅直播间活动力度，优惠数量有限，每个手机号码限购一次哦,False,True
08:23,田博士带娃学习,软件提供超3000本精致绘本，包含典故、名著、小百科，培养并激励孩子的识字积极性哦~,False,True
08:24,温***,一年级可以不,True,False
08:24,田博士带娃学习,@温*** 3岁以上，直接拍1号链接99元21天，0基础弱基础启蒙识字，小朋友快速打破识字瓶颈～,False,True
08:24,田博士带娃学习,下单后务必查看短信！点击链接，核销领取🌟专属客服🌟协助产品开通、使用！,False,True
08:24,温***,达不到,False,False
08:25,田博士带娃学习,3岁以上，直接拍1号链接99元21天，0基础弱基础启蒙识字，小朋友快速打破识字瓶颈～,False,True
08:25,田博士带娃学习,@温*** 1号链接99元21天APP阅读卡，养成识字习惯，锻炼阅读思维，娃不累、妈不操心！,False,True
08:26,田博士带娃学习,正在讲解：3-8岁快速识字、自主阅读方法！0基础可用！1号链接名额有限，先到先得！,False,True
08:27,田博士带娃学习,支持各类手机/平板/学习机！APP内每阅读20分钟自动护眼提醒！,False,True
08:27,温***,刚开始喜欢这个模式，但是后面就是一模一样的模式，后面就只玩里面的游戏就不识字了，只为了游戏而识字,True,False
08:27,温***,最终没学会,True,False
08:27,田博士带娃学习,@温*** 根据小朋友基础、投入时间、吸收能力等，不同小朋友学习效果不同,False,True
08:28,曦***,可以学几年？,True,False
08:28,明***,可以学多长时间,True,False
08:28,田博士带娃学习,@明*** 1号链接99元21天APP阅读卡，养成识字习惯，锻炼阅读思维，娃不累、妈不操心！,False,True
08:29,田博士带娃学习,今天在直播间下单，除产品外让孩子再拥有一个专属识字指导客服,False,True
08:29,温***,我试试,False,False
08:29,范***,拍了咋用,True,False
08:29,田博士带娃学习,@范*** 下单后务必查看短信！点击链接，核销领取🌟专属客服🌟协助产品开通、使用！,False,True
08:30,田博士带娃学习,特别提醒！一号链接21天会员畅享，不含平板&学习机哦,False,True
08:30,皓***,几岁开始啊,True,False
08:30,田博士带娃学习,@皓*** 3岁以上，直接拍1号链接99元21天，0基础弱基础启蒙识字，小朋友快速打破识字瓶颈～,False,True
08:30,田博士带娃学习,仅直播间活动力度，优惠数量有限，每个手机号码限购一次哦,False,True
08:31,田博士带娃学习,软件提供超3000本精致绘本，包含典故、名著、小百科，培养并激励孩子的识字积极性哦~,False,True
08:31,简***,能用多久,True,False
08:31,田博士带娃学习,@简*** 1号链接99元21天APP阅读卡，养成识字习惯，锻炼阅读思维，娃不累、妈不操心！,False,True
08:32,♠***,总共需要多少钱,False,False
08:32,田博士带娃学习,下单后务必查看短信！点击链接，核销领取🌟专属客服🌟协助产品开通、使用！,False,True
08:32,奔***,是软件吗,True,False
08:32,田博士带娃学习,@奔*** 1号链接99元21天APP阅读卡，养成识字习惯，锻炼阅读思维，娃不累、妈不操心！,False,True
08:33,我***,老师好,False,False
08:33,我***,如果看完21天了再咋收费,True,False
08:33,田博士带娃学习,@我*** 1号链接99元21天APP阅读卡，养成识字习惯，锻炼阅读思维，娃不累、妈不操心！,False,True
08:33,英***,ipad可以看吗,True,False
08:33,田博士带娃学习,@英*** 可以,False,True
08:33,田博士带娃学习,3岁以上，直接拍1号链接99元21天，0基础弱基础启蒙识字，小朋友快速打破识字瓶颈～,False,True
08:33,奔***,限制时间吗,True,False
08:33,田博士带娃学习,@奔*** 1号链接99元21天APP阅读卡，养成识字习惯，锻炼阅读思维，娃不累、妈不操心！,False,True
08:34,我***,咋收费,True,False
08:34,英***,试用下,False,False
08:34,田博士带娃学习,@英*** 1号链接99元21天APP阅读卡，养成识字习惯，锻炼阅读思维，娃不累、妈不操心！,False,True
08:34,我***,是一年还是按月,True,False
08:34,田博士带娃学习,正在讲解：3-8岁快速识字、自主阅读方法！0基础可用！1号链接名额有限，先到先得！,False,True
08:35,我***,21 天结束后呢,False,False
08:35,田博士带娃学习,支持各类手机/平板/学习机！APP内每阅读20分钟自动护眼提醒！,False,True
08:35,英***,你试试，才进来,False,False
08:36,田博士带娃学习,1号链接99元21天APP阅读卡，养成识字习惯，锻炼阅读思维，娃不累、妈不操心！,False,True
08:36,皓***,我家小孩40个月，几乎没有识字能用吗,True,False
08:37,田博士带娃学习,@皓*** 可以,False,True
08:37,招***,一直可以使用吗,True,False
08:37,田博士带娃学习,今天在直播间下单，除产品外让孩子再拥有一个专属识字指导客服,False,True
08:38,田博士带娃学习,特别提醒！一号链接21天会员畅享，不含平板&学习机哦,False,True
08:39,田博士带娃学习,@招*** 21天,False,True
08:39,田博士带娃学习,仅直播间活动力度，优惠数量有限，每个手机号码限购一次哦,False,True
08:40,沐***,有效期多长时间,True,False
08:40,田博士带娃学习,@沐*** 1号链接99元21天APP阅读卡，养成识字习惯，锻炼阅读思维，娃不累、妈不操心！,False,True
08:40,田博士带娃学习,软件提供超3000本精致绘本，包含典故、名著、小百科，培养并激励孩子的识字积极性哦~,False,True
08:40,英***,拍了,False,False
08:40,田博士带娃学习,@英*** 下单后务必查看短信！点击链接，核销领取🌟专属客服🌟协助产品开通、使用！,False,True
08:41,田博士带娃学习,下单后务必查看短信！点击链接，核销领取🌟专属客服🌟协助产品开通、使用！,False,True
08:42,田博士带娃学习,3岁以上，直接拍1号链接99元21天，0基础弱基础启蒙识字，小朋友快速打破识字瓶颈～,False,True
08:43,田博士带娃学习,正在讲解：3-8岁快速识字、自主阅读方法！0基础可用！1号链接名额有限，先到先得！,False,True
08:44,1***,怎么识字，通过绘本阅读识字？,True,False
08:44,田博士带娃学习,支持各类手机/平板/学习机！APP内每阅读20分钟自动护眼提醒！,False,True
08:45,田博士带娃学习,1号链接99元21天APP阅读卡，养成识字习惯，锻炼阅读思维，娃不累、妈不操心！,False,True
08:46,田博士带娃学习,今天在直播间下单，除产品外让孩子再拥有一个专属识字指导客服,False,True
08:47,田博士带娃学习,特别提醒！一号链接21天会员畅享，不含平板&学习机哦,False,True
08:48,田博士带娃学习,仅直播间活动力度，优惠数量有限，每个手机号码限购一次哦,False,True
08:49,田博士带娃学习,软件提供超3000本精致绘本，包含典故、名著、小百科，培养并激励孩子的识字积极性哦~,False,True
08:49,二***,用PC端练习吗,True,False
08:50,田博士带娃学习,@二*** 手机平板学习机都可以,False,True
08:50,田博士带娃学习,下单后务必查看短信！点击链接，核销领取🌟专属客服🌟协助产品开通、使用！,False,True
08:51,二***,有纸质资料的吧,True,False
08:51,用***,21天以后呢,False,False
08:51,王***,21天以后呢,False,False
08:51,田博士带娃学习,3岁以上，直接拍1号链接99元21天，0基础弱基础启蒙识字，小朋友快速打破识字瓶颈～,False,True
08:52,王***,21天以后能不能用了,True,False
08:52,田博士带娃学习,@王*** 1号链接99元21天APP阅读卡，养成识字习惯，锻炼阅读思维，娃不累、妈不操心！,False,True
08:52,范***,21天以后就不可以用了么,False,False
08:52,田博士带娃学习,正在讲解：3-8岁快速识字、自主阅读方法！0基础可用！1号链接名额有限，先到先得！,False,True
08:52,二***,学习进度自己把握吗,True,False
08:53,田博士带娃学习,@范*** 到期联系阅读老师,False,True
08:53,田博士带娃学习,@二*** 是的,False,True
08:53,边***,21年以后呢,False,False
08:53,田博士带娃学习,支持各类手机/平板/学习机！APP内每阅读20分钟自动护眼提醒！,False,True
08:54,田博士带娃学习,1号链接99元21天APP阅读卡，养成识字习惯，锻炼阅读思维，娃不累、妈不操心！,False,True
08:55,二***,拍了可以重复用吗,True,False
08:55,田博士带娃学习,@二*** 下单后务必查看短信！点击链接，核销领取🌟专属客服🌟协助产品开通、使用！,False,True
08:55,二***,可以长时间用么,False,False
08:55,田博士带娃学习,@二*** 1号链接99元21天APP阅读卡，养成识字习惯，锻炼阅读思维，娃不累、妈不操心！,False,True
08:55,田博士带娃学习,今天在直播间下单，除产品外让孩子再拥有一个专属识字指导客服,False,True
08:55,二***,还是能能解锁21天,True,False
08:55,田博士带娃学习,@二*** 1号链接99元21天APP阅读卡，养成识字习惯，锻炼阅读思维，娃不累、妈不操心！,False,True
08:55,小***,在哪了看,True,False
08:56,田博士带娃学习,特别提醒！一号链接21天会员畅享，不含平板&学习机哦,False,True
08:57,田博士带娃学习,仅直播间活动力度，优惠数量有限，每个手机号码限购一次哦,False,True
08:58,田博士带娃学习,软件提供超3000本精致绘本，包含典故、名著、小百科，培养并激励孩子的识字积极性哦~,False,True
08:59,田博士带娃学习,下单后务必查看短信！点击链接，核销领取🌟专属客服🌟协助产品开通、使用！,False,True
09:00,田博士带娃学习,3岁以上，直接拍1号链接99元21天，0基础弱基础启蒙识字，小朋友快速打破识字瓶颈～,False,True
09:00,三***,一个字也不认识能行吗,True,False
09:00,田博士带娃学习,@三*** 根据小朋友基础、投入时间、吸收能力等，不同小朋友学习效果不同,False,True
09:01,田博士带娃学习,正在讲解：3-8岁快速识字、自主阅读方法！0基础可用！1号链接名额有限，先到先得！,False,True
09:01,三***,视频回放课？,True,False
09:01,田博士带娃学习,@三*** 1号链接99元21天APP阅读卡，养成识字习惯，锻炼阅读思维，娃不累、妈不操心！,False,True
09:02,田博士带娃学习,支持各类手机/平板/学习机！APP内每阅读20分钟自动护眼提醒！,False,True
09:03,田博士带娃学习,1号链接99元21天APP阅读卡，养成识字习惯，锻炼阅读思维，娃不累、妈不操心！,False,True
09:03,三***,21天以后呢,False,False
09:03,田博士带娃学习,@三*** 1号链接99元21天APP阅读卡，养成识字习惯，锻炼阅读思维，娃不累、妈不操心！,False,True
09:04,田博士带娃学习,今天在直播间下单，除产品外让孩子再拥有一个专属识字指导客服,False,True
09:04,三***,学完21天呢,False,False
09:04,田博士带娃学习,@三*** 1号链接99元21天APP阅读卡，养成识字习惯，锻炼阅读思维，娃不累、妈不操心！,False,True
09:05,田博士带娃学习,特别提醒！一号链接21天会员畅享，不含平板&学习机哦,False,True
09:06,田博士带娃学习,仅直播间活动力度，优惠数量有限，每个手机号码限购一次哦,False,True
09:07,田博士带娃学习,软件提供超3000本精致绘本，包含典故、名著、小百科，培养并激励孩子的识字积极性哦~,False,True
09:07,❤***,拍完以后下一步,False,False
09:07,皓***,3周多的是不是早了的,True,False
09:07,田博士带娃学习,@三*** 到时候联系阅读老师续费,False,True
09:07,强***,21天就不能继续使用了吗？,True,False
09:08,田博士带娃学习,下单后务必查看短信！点击链接，核销领取🌟专属客服🌟协助产品开通、使用！,False,True
09:08,田博士带娃学习,@皓*** 3周可以用,False,True
09:09,田博士带娃学习,@❤*** 下单后务必查看短信！点击链接，核销领取🌟专属客服🌟协助产品开通、使用！,False,True
09:09,皓***,孩子识字0基础,False,False
09:09,田博士带娃学习,@皓*** 1号链接,False,True
09:09,田博士带娃学习,一号链接使用21天，是一款识字阅读软件【适趣AI中文】,False,True
09:09,田博士带娃学习,3岁以上，直接拍1号链接99元21天，0基础弱基础启蒙识字，小朋友快速打破识字瓶颈～,False,True
09:10,三***,多大可以学,False,False
09:10,三***,后期费用是多少,False,False
09:10,花***,这是看视频吗,True,False
09:10,田博士带娃学习,正在讲解：3-8岁快速识字、自主阅读方法！0基础可用！1号链接名额有限，先到先得！,False,True
09:10,苗***,用一年需要多少钱？,True,False
09:10,皓***,太好了，已拍,False,False
09:10,田博士带娃学习,@皓*** 下单后务必查看短信！点击链接，核销领取🌟专属客服🌟协助产品开通、使用！,False,True
09:10,田博士带娃学习,@花*** 不是视频,False,True
09:11,皓***,好的,False,False
09:11,三***,2周岁的能学了吗,True,False
09:11,☀***,第一次进来孩子是通过怎么读的能发给我看看,True,False
09:11,田博士带娃学习,@三*** 2岁还不行,False,True
09:11,田博士带娃学习,支持各类手机/平板/学习机！APP内每阅读20分钟自动护眼提醒！,False,True
09:11,皓***,专业识字就要这个，看看能坚持吧,False,False
09:12,田博士带娃学习,@苗*** 1年到期联系阅读客服,False,True
09:12,田博士带娃学习,1号链接99元21天APP阅读卡，养成识字习惯，锻炼阅读思维，娃不累、妈不操心！,False,True
09:12,苗***,99之后什么价格？,True,False
09:12,田博士带娃学习,@苗*** 1号链接99元21天APP阅读卡，养成识字习惯，锻炼阅读思维，娃不累、妈不操心！,False,True
09:12,田博士带娃学习,@苗*** 到期联系阅读客服，比直播间更划算,False,True
09:13,皓***,主要是解决短时间遗忘问题太好了，看看能做到,False,False
09:13,田博士带娃学习,@皓*** 1号链接99元21天APP阅读卡，养成识字习惯，锻炼阅读思维，娃不累、妈不操心！,False,True
09:13,田博士带娃学习,今天在直播间下单，除产品外让孩子再拥有一个专属识字指导客服,False,True
09:14,田博士带娃学习,特别提醒！一号链接21天会员畅享，不含平板&学习机哦,False,True
09:15,田博士带娃学习,仅直播间活动力度，优惠数量有限，每个手机号码限购一次哦,False,True
09:15,A***,繁體出來了嗎？,True,False
09:15,田博士带娃学习,@A*** 没有,True,True
09:16,田博士带娃学习,软件提供超3000本精致绘本，包含典故、名著、小百科，培养并激励孩子的识字积极性哦~,False,True
09:17,田博士带娃学习,下单后务必查看短信！点击链接，核销领取🌟专属客服🌟协助产品开通、使用！,False,True
09:17,苗***,21天提供多少个字？,True,False
09:17,田博士带娃学习,@苗*** 1号链接99元21天APP阅读卡，养成识字习惯，锻炼阅读思维，娃不累、妈不操心！,False,True
09:18,田博士带娃学习,@苗*** 5000+汉字,False,True
09:18,田博士带娃学习,3岁以上，直接拍1号链接99元21天，0基础弱基础启蒙识字，小朋友快速打破识字瓶颈～,False,True
09:18,靖***,有效期是多久,True,False
09:18,田博士带娃学习,@靖*** 21天,False,True
09:19,田博士带娃学习,正在讲解：3-8岁快速识字、自主阅读方法！0基础可用！1号链接名额有限，先到先得！,False,True
09:20,田博士带娃学习,支持各类手机/平板/学习机！APP内每阅读20分钟自动护眼提醒！,False,True
09:21,田博士带娃学习,1号链接99元21天APP阅读卡，养成识字习惯，锻炼阅读思维，娃不累、妈不操心！,False,True
09:21,请***,要手机吗？,True,False
09:21,田博士带娃学习,@请*** 手机平板学习机就可以,False,True
09:21,田博士带娃学习,支持各类手机/平板/学习机！APP内每阅读20分钟自动护眼提醒！,False,True
09:22,田博士带娃学习,今天在直播间下单，除产品外让孩子再拥有一个专属识字指导客服,False,True
09:23,里***,一号链接每天坚持，识字量能到多少,False,False
09:23,田博士带娃学习,特别提醒！一号链接21天会员畅享，不含平板&学习机哦,False,True
09:23,田博士带娃学习,@里*** 根据孩子基础和花费的时间,False,True
09:23,浩***,零基础的可以吗,True,False
09:23,常***,怎么认识的字,True,False
09:23,田博士带娃学习,@常*** 根据小朋友基础、投入时间、吸收能力等，不同小朋友学习效果不同,False,True
09:23,田博士带娃学习,@里*** 可以拍下给孩子试一试,False,True
09:23,浩***,需要多久,True,False
09:23,田博士带娃学习,@浩*** 1号链接99元21天APP阅读卡，养成识字习惯，锻炼阅读思维，娃不累、妈不操心！,False,True
09:23,田博士带娃学习,@浩*** 0基础可以用,False,True
09:23,田博士带娃学习,@浩*** 1号链接21天,False,True
09:24,田博士带娃学习,支持各类手机/平板/学习机！APP内每阅读20分钟自动护眼提醒！,False,True
09:24,田博士带娃学习,仅直播间活动力度，优惠数量有限，每个手机号码限购一次哦,False,True
09:25,田博士带娃学习,软件提供超3000本精致绘本，包含典故、名著、小百科，培养并激励孩子的识字积极性哦~,False,True
09:26,三***,拍了,False,False
09:26,田博士带娃学习,@三*** 下单后务必查看短信！点击链接，核销领取🌟专属客服🌟协助产品开通、使用！,False,True
09:26,佳***,只学21天？,True,False
09:26,田博士带娃学习,@佳*** 1号链接99元21天APP阅读卡，养成识字习惯，锻炼阅读思维，娃不累、妈不操心！,False,True
09:26,田博士带娃学习,下单后务必查看短信！点击链接，核销领取🌟专属客服🌟协助产品开通、使用！,False,True
09:26,浩***,21天能学会多少字,False,False
09:26,田博士带娃学习,@浩*** 根据小朋友基础、投入时间、吸收能力等，不同小朋友学习效果不同,False,True
09:27,田博士带娃学习,3岁以上，直接拍1号链接99元21天，0基础弱基础启蒙识字，小朋友快速打破识字瓶颈～,False,True
09:28,田博士带娃学习,正在讲解：3-8岁快速识字、自主阅读方法！0基础可用！1号链接名额有限，先到先得！,False,True
09:28,一***,快讲怎么用吧,True,False
09:28,田博士带娃学习,下单后务必查看短信！点击链接，核销领取🌟专属客服🌟协助产品开通、使用！,False,True
09:28,田博士带娃学习,支持各类手机/平板/学习机！APP内每阅读20分钟自动护眼提醒！,False,True
09:29,田博士带娃学习,支持各类手机/平板/学习机！APP内每阅读20分钟自动护眼提醒！,False,True
09:30,田博士带娃学习,1号链接99元21天APP阅读卡，养成识字习惯，锻炼阅读思维，娃不累、妈不操心！,False,True
09:30,用***,99元是买21天的会员？,True,False
09:30,田博士带娃学习,@用*** 1号链接99元21天APP阅读卡，养成识字习惯，锻炼阅读思维，娃不累、妈不操心！,False,True
09:30,田博士带娃学习,@用*** 是的,False,True
09:31,田博士带娃学习,今天在直播间下单，除产品外让孩子再拥有一个专属识字指导客服,False,True
09:31,用***,21天之后咋着收费？？？,True,False
09:31,田博士带娃学习,@用*** 1号链接99元21天APP阅读卡，养成识字习惯，锻炼阅读思维，娃不累、妈不操心！,False,True
09:31,兮***,视频可以学几天,True,False
09:31,田博士带娃学习,@用*** 到期联系阅读客服续费，比直播间更划算,False,True
09:31,田博士带娃学习,@兮*** 不是视频哈，是识字软件，可以阅读绘本识字,False,True
09:31,田博士带娃学习,@兮*** 不是网课不是视频不是纸质书,False,True
09:32,灵***,用手机看？,True,False
09:32,田博士带娃学习,特别提醒！一号链接21天会员畅享，不含平板&学习机哦,False,True
09:32,田博士带娃学习,@灵*** 手机平板学习机,False,True
09:32,田博士带娃学习,@兮*** 21天,False,True
09:32,兮***,这个软件可以学习多久,True,False
09:32,田博士带娃学习,@*** 1号链接99元21天APP阅读卡，养成识字习惯，锻炼阅读思维，娃不累、妈不操心！,False,True
09:32,田博士带娃学习,@兮*** 21天,False,True
09:32,用***,21天怎么收费？？？？？？？？？,True,False
09:32,田博士带娃学习,@用*** 1号链接99元21天APP阅读卡，养成识字习惯，锻炼阅读思维，娃不累、妈不操心！,False,True
09:32,田博士带娃学习,@用*** 99块钱21天，之后联系阅读老师续费,False,True
09:32,田博士带娃学习,@用*** 后续比直播间更划算,False,True
09:33,田博士带娃学习,仅直播间活动力度，优惠数量有限，每个手机号码限购一次哦,False,True
09:33,田博士带娃学习,正在讲解：3-8岁快速识字、自主阅读方法！0基础可用！1号链接名额有限，先到先得！,False,True
09:34,田博士带娃学习,软件提供超3000本精致绘本，包含典故、名著、小百科，培养并激励孩子的识字积极性哦~,False,True
09:34,童***,课程观看有效期多久？,True,False
09:34,田博士带娃学习,@童*** 1号链接99元21天APP阅读卡，养成识字习惯，锻炼阅读思维，娃不累、妈不操心！,False,True
09:35,田博士带娃学习,下单后务必查看短信！点击链接，核销领取🌟专属客服🌟协助产品开通、使用！,False,True
09:35,娜***,21.天后还能从新看不，万一都记不住,False,False
09:35,田博士带娃学习,3岁以上，直接拍1号链接99元21天，0基础弱基础启蒙识字，小朋友快速打破识字瓶颈～,False,True
09:36,田博士带娃学习,@娜*** 到期联系阅读老师续费比直播间更划算,False,True
09:36,田博士带娃学习,正在讲解：3-8岁快速识字、自主阅读方法！0基础可用！1号链接名额有限，先到先得！,False,True
09:37,田博士带娃学习,支持各类手机/平板/学习机！APP内每阅读20分钟自动护眼提醒！,False,True
09:38,田博士带娃学习,1号链接99元21天APP阅读卡，养成识字习惯，锻炼阅读思维，娃不累、妈不操心！,False,True
09:39,娜***,已订购，怎么领取,True,False
09:39,田博士带娃学习,下单后务必查看短信！点击链接，核销领取🌟专属客服🌟协助产品开通、使用！,False,True
09:39,田博士带娃学习,今天在直播间下单，除产品外让孩子再拥有一个专属识字指导客服,False,True
09:40,雲***,这个以后升级需要付费吗？,True,False
09:40,田博士带娃学习,特别提醒！一号链接21天会员畅享，不含平板&学习机哦,False,True
09:41,田博士带娃学习,仅直播间活动力度，优惠数量有限，每个手机号码限购一次哦,False,True
09:42,田博士带娃学习,软件提供超3000本精致绘本，包含典故、名著、小百科，培养并激励孩子的识字积极性哦~,False,True
09:43,冬***,我买了了很久了，没有学,True,False
09:43,田博士带娃学习,@冬*** 下单后务必查看短信！点击链接，核销领取🌟专属客服🌟协助产品开通、使用！,False,True
09:43,冬***,要怎么弄,True,False
09:43,冯***,要下载的吗？,True,False
09:43,田博士带娃学习,@冬*** 过期了无法使用了亲,True,True
09:43,田博士带娃学习,下单后务必查看短信！点击链接，核销领取🌟专属客服🌟协助产品开通、使用！,False,True
09:43,冯***,怎么用？,True,False
09:44,田博士带娃学习,下单后务必查看短信！点击链接，核销领取🌟专属客服🌟协助产品开通、使用！,False,True
09:44,冯***,手机和平板同时用吗？,True,False
09:44,田博士带娃学习,@冯*** 手机平板都可以,False,True
09:44,猪***,这个是几岁孩子用的,True,False
09:44,田博士带娃学习,@猪*** 3岁以上，直接拍1号链接99元21天，0基础弱基础启蒙识字，小朋友快速打破识字瓶颈～,False,True
09:44,田博士带娃学习,@冯*** 下载app,False,True
09:44,田博士带娃学习,@猪*** 3岁以上,False,True
09:44,田博士带娃学习,3岁以上，直接拍1号链接99元21天，0基础弱基础启蒙识字，小朋友快速打破识字瓶颈～,False,True
09:45,田博士带娃学习,正在讲解：3-8岁快速识字、自主阅读方法！0基础可用！1号链接名额有限，先到先得！,False,True
09:46,田博士带娃学习,支持各类手机/平板/学习机！APP内每阅读20分钟自动护眼提醒！,False,True
09:46,田博士带娃学习,@一*** 1号链接99元21天APP阅读卡，养成识字习惯，锻炼阅读思维，娃不累、妈不操心！,False,True
09:47,田博士带娃学习,@一*** APP,False,True
09:47,差***,买了,False,False
09:47,田博士带娃学习,@差*** 下单后务必查看短信！点击链接，核销领取🌟专属客服🌟协助产品开通、使用！,False,True
09:47,田博士带娃学习,1号链接99元21天APP阅读卡，养成识字习惯，锻炼阅读思维，娃不累、妈不操心！,False,True
09:48,差***,要下载app么,False,False
09:48,田博士带娃学习,@差*** 需要,False,True
09:48,田博士带娃学习,@差*** APP：适趣AI中文,False,True
09:48,田博士带娃学习,今天在直播间下单，除产品外让孩子再拥有一个专属识字指导客服,False,True
09:49,田博士带娃学习,特别提醒！一号链接21天会员畅享，不含平板&学习机哦,False,True
09:49,毅***,21天时间怎么安排，连续21天吗,True,False
09:49,田博士带娃学习,@毅*** 1号链接99元21天APP阅读卡，养成识字习惯，锻炼阅读思维，娃不累、妈不操心！,False,True
09:50,田博士带娃学习,@毅*** 是的连续,False,True
09:50,田博士带娃学习,仅直播间活动力度，优惠数量有限，每个手机号码限购一次哦,False,True
09:50,田博士带娃学习,@天*** 3岁以上，直接拍1号链接99元21天，0基础弱基础启蒙识字，小朋友快速打破识字瓶颈～,False,True
09:51,一***,还有后续费用吗,True,False
09:51,田博士带娃学习,@一*** 后续联系阅读老师续费比直播间更划算,False,True
09:51,田博士带娃学习,软件提供超3000本精致绘本，包含典故、名著、小百科，培养并激励孩子的识字积极性哦~,False,True
09:52,田博士带娃学习,@风*** 根据小朋友基础、投入时间、吸收能力等，不同小朋友学习效果不同,False,True
09:52,田博士带娃学习,下单后务必查看短信！点击链接，核销领取🌟专属客服🌟协助产品开通、使用！,False,True
09:52,奔***,手机号码写在哪里,True,False
09:53,田博士带娃学习,@奔*** 下单界面最上方,False,True
09:53,田博士带娃学习,3岁以上，直接拍1号链接99元21天，0基础弱基础启蒙识字，小朋友快速打破识字瓶颈～,False,True
09:54,奔***,已拍,False,False
09:54,田博士带娃学习,@奔*** 下单后务必查看短信！点击链接，核销领取🌟专属客服🌟协助产品开通、使用！,False,True
09:54,苏***,怎么用啊,True,False
09:54,一***,21天以后就不能用了吗,True,False
09:54,田博士带娃学习,@一*** 1号链接99元21天APP阅读卡，养成识字习惯，锻炼阅读思维，娃不累、妈不操心！,False,True
09:54,是***,21天就不能用了吗,True,False
09:54,田博士带娃学习,@是*** 1号链接99元21天APP阅读卡，养成识字习惯，锻炼阅读思维，娃不累、妈不操心！,False,True
09:54,田博士带娃学习,正在讲解：3-8岁快速识字、自主阅读方法！0基础可用！1号链接名额有限，先到先得！,False,True
09:54,田博士带娃学习,@一*** 到期联系阅读老师续费比直播间更划算,False,True
09:54,一***,是真人直播吗？怎么看不到我的问题？,True,False
09:54,田博士带娃学习,@是*** 到期联系阅读老师续费比直播间更划算,False,True
09:55,田博士带娃学习,@一*** 不是直播课，是识字软件阅读绘本,False,True
09:55,田博士带娃学习,@一*** 看到了，不是真人直播,False,True
09:55,田博士带娃学习,@一*** 不是直播课，我们是主播现场直播的,False,True
09:55,艳***,21天结束了呢,False,False
09:55,田博士带娃学习,@艳*** 1号链接99元21天APP阅读卡，养成识字习惯，锻炼阅读思维，娃不累、妈不操心！,False,True
09:55,田博士带娃学习,支持各类手机/平板/学习机！APP内每阅读20分钟自动护眼提醒！,False,True
09:55,田博士带娃学习,@艳*** 到期联系阅读老师续费比直播间更划算,False,True
09:55,苏***,21天能认识3000多个字？,True,False
09:55,田博士带娃学习,@苏*** 根据小朋友基础、投入时间、吸收能力等，不同小朋友学习效果不同,False,True
09:55,田博士带娃学习,@苏*** 根据孩子花费的时间和基础,False,True
09:56,是***,@田*** 那我们21天后怎么办？,True,False
09:56,田博士带娃学习,@是*** 1号链接99元21天APP阅读卡，养成识字习惯，锻炼阅读思维，娃不累、妈不操心！,False,True
09:56,田博士带娃学习,1号链接99元21天APP阅读卡，养成识字习惯，锻炼阅读思维，娃不累、妈不操心！,False,True
09:56,七***,怎么拍需要填电话号码？,True,False
09:56,苏***,长期怎么买,True,False
09:56,田博士带娃学习,@苏*** 到期联系阅读老师续费比直播间更划算,False,True
09:57,一***,21天以后要重新交费吗？费用是多少？,True,False
09:57,田博士带娃学习,@一*** 1号链接99元21天APP阅读卡，养成识字习惯，锻炼阅读思维，娃不累、妈不操心！,False,True
09:57,田博士带娃学习,@七*** 需要,False,True
09:57,源***,怎么使用呀,True,False
09:57,田博士带娃学习,@一*** 到期联系阅读老师续费比直播间更划算,False,True
09:57,田博士带娃学习,下单后务必查看短信！点击链接，核销领取🌟专属客服🌟协助产品开通、使用！,False,True
09:57,七***,99元有多少知识量,False,False
09:57,田博士带娃学习,今天在直播间下单，除产品外让孩子再拥有一个专属识字指导客服,False,True
09:57,奔***,已经添加老师微信，怎么可以看,True,False
09:58,七***,有时间限制吗？,True,False
09:58,田博士带娃学习,@七*** 1号链接99元21天APP阅读卡，养成识字习惯，锻炼阅读思维，娃不累、妈不操心！,False,True
09:58,田博士带娃学习,@奔*** 耐心等待老师开通会员,False,True
09:58,田博士带娃学习,特别提醒！一号链接21天会员畅享，不含平板&学习机哦,False,True
09:59,我***,一个月能认识多少,False,False
09:59,田博士带娃学习,@我*** 根据小朋友基础、投入时间、吸收能力等，不同小朋友学习效果不同,False,True
09:59,七***,激活21天就没有过期吗，还是21天课程无限时间,True,False
09:59,田博士带娃学习,仅直播间活动力度，优惠数量有限，每个手机号码限购一次哦,False,True
09:59,苏***,看里面的内容,False,False
09:59,田博士带娃学习,@七*** 有效期就是21天,False,True
10:00,我***,有效期是21天,False,False
10:00,田博士带娃学习,@我*** 1号链接99元21天APP阅读卡，养成识字习惯，锻炼阅读思维，娃不累、妈不操心！,False,True
10:00,田博士带娃学习,软件提供超3000本精致绘本，包含典故、名著、小百科，培养并激励孩子的识字积极性哦~,False,True
10:00,一***,已下单,False,False
10:00,田博士带娃学习,@一*** 下单后务必查看短信！点击链接，核销领取🌟专属客服🌟协助产品开通、使用！,False,True
10:00,七***,4岁孩子21那里学的完,False,False
10:00,田博士带娃学习,@七*** 3岁以上，直接拍1号链接99元21天，0基础弱基础启蒙识字，小朋友快速打破识字瓶颈～,False,True
10:01,L***,希沃能用吗这个APP,True,False
10:01,田博士带娃学习,@L*** 可以用】,False,True
10:01,田博士带娃学习,下单后务必查看短信！点击链接，核销领取🌟专属客服🌟协助产品开通、使用！,False,True
10:01,黑***,怎么读,True,False
10:02,田博士带娃学习,3岁以上，直接拍1号链接99元21天，0基础弱基础启蒙识字，小朋友快速打破识字瓶颈～,False,True
10:02,田博士带娃学习,下单后务必查看短信！点击链接，核销领取🌟专属客服🌟协助产品开通、使用！,False,True
10:03,虾***,有没有适合五年级学生的,True,False
10:03,田博士带娃学习,@虾*** 3岁以上，直接拍1号链接99元21天，0基础弱基础启蒙识字，小朋友快速打破识字瓶颈～,False,True
10:03,田博士带娃学习,正在讲解：3-8岁快速识字、自主阅读方法！0基础可用！1号链接名额有限，先到先得！,False,True
10:03,🦋***,里面多少字,False,False
10:03,田博士带娃学习,@🦋*** 根据小朋友基础、投入时间、吸收能力等，不同小朋友学习效果不同,False,True
10:04,蒙***,二年级有点大了吧,False,False
10:04,田博士带娃学习,@蒙*** 3岁以上，直接拍1号链接99元21天，0基础弱基础启蒙识字，小朋友快速打破识字瓶颈～,False,True
10:04,田博士带娃学习,支持各类手机/平板/学习机！APP内每阅读20分钟自动护眼提醒！,False,True
10:04,黑***,小孩现在都在上幼儿园,False,False
10:04,虾***,五年级的可以吗,True,False
10:04,田博士带娃学习,@虾*** 3岁以上，直接拍1号链接99元21天，0基础弱基础启蒙识字，小朋友快速打破识字瓶颈～,False,True
10:05,舒***,1号链接还是字卡吗？,True,False
10:05,用***,几岁的小孩可以看这个绘本认字。,True,False
10:05,田博士带娃学习,@黑*** 1号链接99元21天APP阅读卡，养成识字习惯，锻炼阅读思维，娃不累、妈不操心！,False,True
10:05,舒***,1号，是怎么用,True,False
10:06,时***,有效期多久，还是无限时间,True,False
10:06,田博士带娃学习,@时*** 1号链接99元21天APP阅读卡，养成识字习惯，锻炼阅读思维，娃不累、妈不操心！,False,True
10:06,田博士带娃学习,1号链接99元21天APP阅读卡，养成识字习惯，锻炼阅读思维，娃不累、妈不操心！,False,True
10:06,时***,有效期才21天？,True,False
10:06,田博士带娃学习,@时*** 1号链接99元21天APP阅读卡，养成识字习惯，锻炼阅读思维，娃不累、妈不操心！,False,True
10:07,舒***,拍了,False,False
10:07,田博士带娃学习,@舒*** 下单后务必查看短信！点击链接，核销领取🌟专属客服🌟协助产品开通、使用！,False,True
10:07,田博士带娃学习,今天在直播间下单，除产品外让孩子再拥有一个专属识字指导客服,False,True
10:07,田博士带娃学习,@时*** 1号链接99元21天APP阅读卡，养成识字习惯，锻炼阅读思维，娃不累、妈不操心！,False,True
10:08,田博士带娃学习,@时*** 到期联系阅读老师续费，比直播间更划算,False,True
10:08,田博士带娃学习,特别提醒！一号链接21天会员畅享，不含平板&学习机哦,False,True
10:08,用***,最低几岁小孩可以认识这个卡识字。,True,False
10:08,明***,刚进来，你就跟我说21天孩子能学到什么？21天以后呢？,True,False
10:08,田博士带娃学习,@明*** 1号链接99元21天APP阅读卡，养成识字习惯，锻炼阅读思维，娃不累、妈不操心！,False,True
10:08,田博士带娃学习,@用*** 最低三岁,False,True
10:08,田博士带娃学习,@明*** 到期联系阅读老师续费，比直播间更划算,False,True
10:09,田博士带娃学习,仅直播间活动力度，优惠数量有限，每个手机号码限购一次哦,False,True
10:09,明***,21天之内，能学到什么,False,False
10:09,田博士带娃学习,@明*** 1号链接99元21天APP阅读卡，养成识字习惯，锻炼阅读思维，娃不累、妈不操心！,False,True
10:09,用***,那我先关注你，我家小孩现在才两岁半不到。等三岁了再来拍。,False,False
10:10,田博士带娃学习,软件提供超3000本精致绘本，包含典故、名著、小百科，培养并激励孩子的识字积极性哦~,False,True
10:10,明***,但是必须用电子产品学是吗？,True,False
10:10,田博士带娃学习,@明*** 是的,False,True
10:11,田博士带娃学习,下单后务必查看短信！点击链接，核销领取🌟专属客服🌟协助产品开通、使用！,False,True
10:11,明***,每天学习15分钟，一般能学几个字？,True,False
10:12,田博士带娃学习,3岁以上，直接拍1号链接99元21天，0基础弱基础启蒙识字，小朋友快速打破识字瓶颈～,False,True
10:12,田博士带娃学习,@明*** 根据孩子花费的时间和基础,False,True
10:13,田博士带娃学习,正在讲解：3-8岁快速识字、自主阅读方法！0基础可用！1号链接名额有限，先到先得！,False,True
10:13,骑***,21天是怎么记的，假如我有一天有事儿没时间学呢,True,False
10:13,田博士带娃学习,@骑*** 1号链接99元21天APP阅读卡，养成识字习惯，锻炼阅读思维，娃不累、妈不操心！,False,True
10:14,田博士带娃学习,@骑*** 连续21天,False,True
10:14,田博士带娃学习,支持各类手机/平板/学习机！APP内每阅读20分钟自动护眼提醒！,False,True
10:15,田博士带娃学习,1号链接99元21天APP阅读卡，养成识字习惯，锻炼阅读思维，娃不累、妈不操心！,False,True
10:15,菁***,我们上过一次，还能不能再试一次,True,False
10:16,田博士带娃学习,今天在直播间下单，除产品外让孩子再拥有一个专属识字指导客服,False,True
10:16,田博士带娃学习,@菁*** 去联系阅读老师续费,False,True
10:17,田博士带娃学习,特别提醒！一号链接21天会员畅享，不含平板&学习机哦,False,True
10:18,田博士带娃学习,仅直播间活动力度，优惠数量有限，每个手机号码限购一次哦,False,True
10:18,田博士带娃学习,软件提供超3000本精致绘本，包含典故、名著、小百科，培养并激励孩子的识字积极性哦~,False,True
10:19,🎊***,多少字？,True,False
10:19,田博士带娃学习,@🎊*** 根据小朋友基础、投入时间、吸收能力等，不同小朋友学习效果不同,False,True
10:19,🎊***,app完成的吗？,True,False
10:19,田博士带娃学习,@�*** 4500+汉字,False,True
10:19,田博士带娃学习,@�*** 是的,False,True
10:19,田博士带娃学习,下单后务必查看短信！点击链接，核销领取🌟专属客服🌟协助产品开通、使用！,False,True
10:20,田博士带娃学习,3岁以上，直接拍1号链接99元21天，0基础弱基础启蒙识字，小朋友快速打破识字瓶颈～,False,True
10:21,狂***,二次收费多少钱？,True,False
10:21,t***,这个99元可以多拍几单吗,True,False
10:21,哈***,怎么上,True,False
10:21,田博士带娃学习,@t*** 不可以,False,True
10:21,思***,只能学21周？后面不能看了吗？,True,False
10:21,田博士带娃学习,@狂*** 到期联系阅读老师续费,False,True
10:21,思***,21天。。,False,False
10:21,田博士带娃学习,@思*** 21天,False,True
10:21,田博士带娃学习,正在讲解：3-8岁快速识字、自主阅读方法！0基础可用！1号链接名额有限，先到先得！,False,True
10:22,思***,只能学21天啊,False,False
10:22,田博士带娃学习,支持各类手机/平板/学习机！APP内每阅读20分钟自动护眼提醒！,False,True
10:23,思***,我家当时学会了，在问他就还是不会,True,False
10:23,明***,下单后会有人联系？,True,False
10:23,田博士带娃学习,@明*** 下单后务必查看短信！点击链接，核销领取🌟专属客服🌟协助产品开通、使用！,False,True
10:23,田博士带娃学习,1号链接99元21天APP阅读卡，养成识字习惯，锻炼阅读思维，娃不累、妈不操心！,False,True
10:24,田博士带娃学习,@愿*** 1号链接99元21天APP阅读卡，养成识字习惯，锻炼阅读思维，娃不累、妈不操心！,False,True
10:24,田博士带娃学习,@愿*** 我们没有游戏,True,True
10:24,明***,已拍，等着就行？,True,False
10:24,田博士带娃学习,@明*** 下单后务必查看短信！点击链接，核销领取🌟专属客服🌟协助产品开通、使用！,False,True
10:24,田博士带娃学习,今天在直播间下单，除产品外让孩子再拥有一个专属识字指导客服,False,True
10:25,B***,意思21天后就要另外收费了对吧,False,False
10:25,田博士带娃学习,@B*** 1号链接99元21天APP阅读卡，养成识字习惯，锻炼阅读思维，娃不累、妈不操心！,False,True
10:25,田博士带娃学习,特别提醒！一号链接21天会员畅享，不含平板&学习机哦,False,True
10:26,填***,只能手机看？,True,False
10:26,馋***,怎么读,True,False
10:26,田博士带娃学习,支持各类手机/平板/学习机！APP内每阅读20分钟自动护眼提醒！,False,True
10:26,俊***,买了之后在手机上面看？,True,False
10:26,田博士带娃学习,@俊*** 下单后务必查看短信！点击链接，核销领取🌟专属客服🌟协助产品开通、使用！,False,True
10:27,田博士带娃学习,支持各类手机/平板/学习机！APP内每阅读20分钟自动护眼提醒！,False,True
10:27,田博士带娃学习,软件提供超3000本精致绘本，包含典故、名著、小百科，培养并激励孩子的识字积极性哦~,False,True
10:27,江***,有没有拼音,True,False
10:28,田博士带娃学习,@江*** 没有,True,True
10:28,田博士带娃学习,下单后务必查看短信！点击链接，核销领取🌟专属客服🌟协助产品开通、使用！,False,True
10:28,梅***,一年会员多少钱？,True,False
10:29,田博士带娃学习,@梅*** 联系阅读老师续费比直播间更划算，直播间没有1年的,True,True
10:29,田博士带娃学习,3岁以上，直接拍1号链接99元21天，0基础弱基础启蒙识字，小朋友快速打破识字瓶颈～,False,True
10:30,田博士带娃学习,正在讲解：3-8岁快速识字、自主阅读方法！0基础可用！1号链接名额有限，先到先得！,False,True
10:31,田博士带娃学习,支持各类手机/平板/学习机！APP内每阅读20分钟自动护眼提醒！,False,True
10:31,南***,这个软件能用多久,True,False
10:31,田博士带娃学习,@南*** 1号链接99元21天APP阅读卡，养成识字习惯，锻炼阅读思维，娃不累、妈不操心！,False,True
10:32,田博士带娃学习,@梅*** 1号链接99元21天APP阅读卡，养成识字习惯，锻炼阅读思维，娃不累、妈不操心！,False,True
10:32,江***,使用时间多久,True,False
10:32,田博士带娃学习,1号链接99元21天APP阅读卡，养成识字习惯，锻炼阅读思维，娃不累、妈不操心！,False,True
10:33,@***,怎么学？要下载app吗？,True,False
10:33,南***,21天之后就没有用吗,True,False
10:33,田博士带娃学习,@南*** 1号链接99元21天APP阅读卡，养成识字习惯，锻炼阅读思维，娃不累、妈不操心！,False,True
10:33,南***,有长期的软件吗,True,False
10:33,田博士带娃学习,@南*** 1号链接99元21天APP阅读卡，养成识字习惯，锻炼阅读思维，娃不累、妈不操心！,False,True
10:33,田博士带娃学习,今天在直播间下单，除产品外让孩子再拥有一个专属识字指导客服,False,True
10:33,田博士带娃学习,@@*** APP适趣AI中文,False,True
10:33,梅***,已经有两三百的识字量了,False,False
10:33,A***,可以重复使用吗,True,False
10:33,田博士带娃学习,@南*** 到期联系阅读老师续费，比直播间更划算,False,True
10:33,田博士带娃学习,@A*** 21天重复使用】,False,True
10:34,田博士带娃学习,特别提醒！一号链接21天会员畅享，不含平板&学习机哦,False,True
10:34,用***,适用什么年龄段？,True,False
10:34,田博士带娃学习,@用*** 1号链接99元21天APP阅读卡，养成识字习惯，锻炼阅读思维，娃不累、妈不操心！,False,True
10:35,悦***,我账号之前买过，现在还能买吗？,True,False
10:35,用***,适用什么段,False,False
10:35,田博士带娃学习,@用*** 1号链接99元21天APP阅读卡，养成识字习惯，锻炼阅读思维，娃不累、妈不操心！,False,True
10:35,田博士带娃学习,仅直播间活动力度，优惠数量有限，每个手机号码限购一次哦,False,True
10:35,用***,三年级可用吗,True,False
10:35,田博士带娃学习,@用*** 3岁以上，直接拍1号链接99元21天，0基础弱基础启蒙识字，小朋友快速打破识字瓶颈～,False,True
10:36,田博士带娃学习,@悦*** 去联系阅读服务人员续费,False,True
10:36,田博士带娃学习,@用*** 可以用,False,True
10:36,田博士带娃学习,软件提供超3000本精致绘本，包含典故、名著、小百科，培养并激励孩子的识字积极性哦~,False,True
10:36,用***,家有不同年龄段俩娃，能共用吗,True,False
10:36,静***,这是课程吗,True,False
10:36,田博士带娃学习,@*** 1号链接99元21天APP阅读卡，养成识字习惯，锻炼阅读思维，娃不累、妈不操心！,False,True
10:36,梅***,下单了，可以过段时间开始学习吗？,True,False
10:36,田博士带娃学习,@梅*** 下单后务必查看短信！点击链接，核销领取🌟专属客服🌟协助产品开通、使用！,False,True
10:37,田博士带娃学习,@梅*** 啥时候拍啥时候学,False,True
10:37,田博士带娃学习,下单后务必查看短信！点击链接，核销领取🌟专属客服🌟协助产品开通、使用！,False,True
10:37,静***,这是什么,False,False
10:37,田博士带娃学习,@*** 1号链接99元21天APP阅读卡，养成识字习惯，锻炼阅读思维，娃不累、妈不操心！,False,True
10:37,用***,两娃，幼儿园，小学生能一起用吗，还是拍两单,True,False
10:37,静***,一个软件？,True,False
10:37,田博士带娃学习,@*** 1号链接99元21天APP阅读卡，养成识字习惯，锻炼阅读思维，娃不累、妈不操心！,False,True
10:38,田博士带娃学习,3岁以上，直接拍1号链接99元21天，0基础弱基础启蒙识字，小朋友快速打破识字瓶颈～,False,True
10:39,田博士带娃学习,正在讲解：3-8岁快速识字、自主阅读方法！0基础可用！1号链接名额有限，先到先得！,False,True
10:39,何***,收到个短信,False,False
10:39,何***,怎么下载呢？,True,False
10:40,田博士带娃学习,应用商店：适趣AI中文,False,True
10:40,田博士带娃学习,下单后务必查看短信！点击链接，核销领取🌟专属客服🌟协助产品开通、使用！,False,True
10:40,田博士带娃学习,支持各类手机/平板/学习机！APP内每阅读20分钟自动护眼提醒！,False,True
10:41,田博士带娃学习,1号链接99元21天APP阅读卡，养成识字习惯，锻炼阅读思维，娃不累、妈不操心！,False,True
10:41,a***,老师没通过啊,True,False
10:41,田博士带娃学习,@a*** 耐心等待哈,False,True
10:42,田博士带娃学习,今天在直播间下单，除产品外让孩子再拥有一个专属识字指导客服,False,True
10:43,田博士带娃学习,特别提醒！一号链接21天会员畅享，不含平板&学习机哦,False,True
10:44,田博士带娃学习,仅直播间活动力度，优惠数量有限，每个手机号码限购一次哦,False,True
10:45,睡***,两岁半可以用吗,True,False
10:45,田博士带娃学习,@睡*** 3岁以上，直接拍1号链接99元21天，0基础弱基础启蒙识字，小朋友快速打破识字瓶颈～,False,True
10:45,田博士带娃学习,软件提供超3000本精致绘本，包含典故、名著、小百科，培养并激励孩子的识字积极性哦~,False,True
10:45,小***,一次多久？因为没有接触电子产品,True,False
10:45,田博士带娃学习,@小*** 1号链接99元21天APP阅读卡，养成识字习惯，锻炼阅读思维，娃不累、妈不操心！,False,True
10:46,睡***,好的我在等等,False,False
10:46,田博士带娃学习,下单后务必查看短信！点击链接，核销领取🌟专属客服🌟协助产品开通、使用！,False,True
10:46,小***,是的，三周岁多,False,False
10:46,田博士带娃学习,@小*** 3岁以上，直接拍1号链接99元21天，0基础弱基础启蒙识字，小朋友快速打破识字瓶颈～,False,True
10:46,吉***,21天这个能学多少字的,False,False
10:46,田博士带娃学习,@吉*** 根据小朋友基础、投入时间、吸收能力等，不同小朋友学习效果不同,False,True
10:46,H***,是在手机上下载app学吗,True,False
10:47,张***,五周岁,False,False
10:47,田博士带娃学习,@张*** 3岁以上，直接拍1号链接99元21天，0基础弱基础启蒙识字，小朋友快速打破识字瓶颈～,False,True
10:47,张***,是什么方法识字,False,False
10:47,田博士带娃学习,@张*** 1号链接99元21天APP阅读卡，养成识字习惯，锻炼阅读思维，娃不累、妈不操心！,False,True
10:47,田博士带娃学习,支持各类手机/平板/学习机！APP内每阅读20分钟自动护眼提醒！,False,True
10:47,H***,一年级还能行吗,True,False
10:47,张***,用APP吗,True,False
10:47,田博士带娃学习,@H*** 3岁以上，直接拍1号链接99元21天，0基础弱基础启蒙识字，小朋友快速打破识字瓶颈～,False,True
10:47,菜***,有没有长期的啊,True,False
10:47,田博士带娃学习,3岁以上，直接拍1号链接99元21天，0基础弱基础启蒙识字，小朋友快速打破识字瓶颈～,False,True
10:47,田博士带娃学习,@菜*** 到期联系阅读老师续费，比直播间更划算,False,True
10:47,田博士带娃学习,@伙*** 3岁以上，直接拍1号链接99元21天，0基础弱基础启蒙识字，小朋友快速打破识字瓶颈～,False,True
10:48,张***,通过绘本指读吗,True,False
10:48,田博士带娃学习,正在讲解：3-8岁快速识字、自主阅读方法！0基础可用！1号链接名额有限，先到先得！,False,True
10:48,田博士带娃学习,特别提醒！一号链接21天会员畅享，不含平板&学习机哦,False,True
10:48,张***,不用家长教吗,True,False
10:48,小***,已拍,False,False
10:48,田博士带娃学习,@小*** 下单后务必查看短信！点击链接，核销领取🌟专属客服🌟协助产品开通、使用！,False,True
10:48,张***,什么方法认字,False,False
10:48,田博士带娃学习,@张*** 1号链接99元21天APP阅读卡，养成识字习惯，锻炼阅读思维，娃不累、妈不操心！,False,True
10:48,张***,演示一下,False,False
10:49,向***,这个确实不错，我已经推荐给好几个人了,True,False
10:49,田博士带娃学习,支持各类手机/平板/学习机！APP内每阅读20分钟自动护眼提醒！,False,True
10:49,H***,这个是可以重复看的吗,True,False
10:49,昂***,多久的有效期？,True,False
10:49,田博士带娃学习,@昂*** 1号链接99元21天APP阅读卡，养成识字习惯，锻炼阅读思维，娃不累、妈不操心！,False,True
10:49,田博士带娃学习,1号链接99元21天APP阅读卡，养成识字习惯，锻炼阅读思维，娃不累、妈不操心！,False,True
10:49,哈***,那我家娃6周了认识字不多,False,False
10:49,田博士带娃学习,@哈*** 根据小朋友基础、投入时间、吸收能力等，不同小朋友学习效果不同,False,True
10:50,田博士带娃学习,今天在直播间下单，除产品外让孩子再拥有一个专属识字指导客服,False,True
10:50,张***,关键看屏幕伤眼睛,False,False
10:50,田博士带娃学习,特别提醒！一号链接21天会员畅享，不含平板&学习机哦,False,True
10:51,努***,后边没有升单了吧,True,False
10:51,田博士带娃学习,仅直播间活动力度，优惠数量有限，每个手机号码限购一次哦,False,True
10:51,快***,只有21天吗,True,False
10:51,田博士带娃学习,@快*** 1号链接99元21天APP阅读卡，养成识字习惯，锻炼阅读思维，娃不累、妈不操心！,False,True
10:51,向***,我家学了一年认识了两千多个字,False,False
10:51,田博士带娃学习,@向*** 根据小朋友基础、投入时间、吸收能力等，不同小朋友学习效果不同,False,True
10:52,田博士带娃学习,软件提供超3000本精致绘本，包含典故、名著、小百科，培养并激励孩子的识字积极性哦~,False,True
10:52,田博士带娃学习,下单后务必查看短信！点击链接，核销领取🌟专属客服🌟协助产品开通、使用！,False,True
10:52,晓***,已买，要下载软件吗,True,False
10:52,田博士带娃学习,@晓*** 1号链接99元21天APP阅读卡，养成识字习惯，锻炼阅读思维，娃不累、妈不操心！,False,True
10:53,张***,已拍,False,False
10:53,田博士带娃学习,@张*** 下单后务必查看短信！点击链接，核销领取🌟专属客服🌟协助产品开通、使用！,False,True
10:53,田博士带娃学习,3岁以上，直接拍1号链接99元21天，0基础弱基础启蒙识字，小朋友快速打破识字瓶颈～,False,True
10:53,🐶***,是有限时的吗？,True,False
10:53,努***,只能看21天吗？,True,False
10:53,田博士带娃学习,@努*** 1号链接99元21天APP阅读卡，养成识字习惯，锻炼阅读思维，娃不累、妈不操心！,False,True
10:53,🐶***,21天后就用不了了吗？,True,False
10:53,田博士带娃学习,@🐶*** 1号链接99元21天APP阅读卡，养成识字习惯，锻炼阅读思维，娃不累、妈不操心！,False,True
10:53,田博士带娃学习,正在讲解：3-8岁快速识字、自主阅读方法！0基础可用！1号链接名额有限，先到先得！,False,True
10:54,田博士带娃学习,支持各类手机/平板/学习机！APP内每阅读20分钟自动护眼提醒！,False,True
10:54,张***,怎样用,False,False
10:55,田博士带娃学习,1号链接99元21天APP阅读卡，养成识字习惯，锻炼阅读思维，娃不累、妈不操心！,False,True
10:55,田博士带娃学习,下单后务必查看短信！点击链接，核销领取🌟专属客服🌟协助产品开通、使用！,False,True
10:55,田博士带娃学习,今天在直播间下单，除产品外让孩子再拥有一个专属识字指导客服,False,True
10:56,田博士带娃学习,特别提醒！一号链接21天会员畅享，不含平板&学习机哦,False,True
10:56,张***,一天读多长时间,True,False
10:56,田博士带娃学习,@张*** 1号链接99元21天APP阅读卡，养成识字习惯，锻炼阅读思维，娃不累、妈不操心！,False,True
10:56,田博士带娃学习,仅直播间活动力度，优惠数量有限，每个手机号码限购一次哦,False,True
10:56,张***,21天能学会多少字？,True,False
10:56,田博士带娃学习,@张*** 根据小朋友基础、投入时间、吸收能力等，不同小朋友学习效果不同,False,True
10:57,田博士带娃学习,软件提供超3000本精致绘本，包含典故、名著、小百科，培养并激励孩子的识字积极性哦~,False,True
10:57,🌟***,已拍,False,False
10:57,田博士带娃学习,@🌟*** 下单后务必查看短信！点击链接，核销领取🌟专属客服🌟协助产品开通、使用！,False,True
10:57,天***,能详细看看怎么上吗,True,False
10:57,田博士带娃学习,下单后务必查看短信！点击链接，核销领取🌟专属客服🌟协助产品开通、使用！,False,True
10:58,忘***,有效期多久,True,False
10:58,田博士带娃学习,@忘*** 1号链接99元21天APP阅读卡，养成识字习惯，锻炼阅读思维，娃不累、妈不操心！,False,True
10:58,张***,就能用21天吗,True,False
10:58,田博士带娃学习,@张*** 1号链接99元21天APP阅读卡，养成识字习惯，锻炼阅读思维，娃不累、妈不操心！,False,True
10:58,A***,适合多大孩子,False,False
10:58,田博士带娃学习,3岁以上，直接拍1号链接99元21天，0基础弱基础启蒙识字，小朋友快速打破识字瓶颈～,False,True
10:58,张***,有效期只有21天？,True,False
10:58,田博士带娃学习,@张*** 1号链接99元21天APP阅读卡，养成识字习惯，锻炼阅读思维，娃不累、妈不操心！,False,True
10:58,田博士带娃学习,正在讲解：3-8岁快速识字、自主阅读方法！0基础可用！1号链接名额有限，先到先得！,False,True
10:58,A***,21天能提升多少,False,False
10:59,田博士带娃学习,支持各类手机/平板/学习机！APP内每阅读20分钟自动护眼提醒！,False,True
10:59,田博士带娃学习,@A*** 根据孩子花费的时间和基础,False,True
10:59,一***,3岁可以吗？,True,False
10:59,田博士带娃学习,@一*** 3岁以上，直接拍1号链接99元21天，0基础弱基础启蒙识字，小朋友快速打破识字瓶颈～,False,True
10:59,张***,后续还想用怎么续费,True,False
10:59,你***,21天之后就看不了了吗,True,False
10:59,田博士带娃学习,@张*** 到期联系阅读老师续费，比直播间更划算,False,True
10:59,田博士带娃学习,@你*** 1号链接99元21天APP阅读卡，养成识字习惯，锻炼阅读思维，娃不累、妈不操心！,False,True
10:59,田博士带娃学习,1号链接99元21天APP阅读卡，养成识字习惯，锻炼阅读思维，娃不累、妈不操心！,False,True
11:00,子***,只限21天是不,False,False
11:00,一***,已拍,False,False
11:00,田博士带娃学习,@一*** 下单后务必查看短信！点击链接，核销领取🌟专属客服🌟协助产品开通、使用！,False,True
11:00,田博士带娃学习,今天在直播间下单，除产品外让孩子再拥有一个专属识字指导客服,False,True
11:01,小***,只有21天？然后不能学了？还要继续学的话，还需要购买？,True,False
11:01,田博士带娃学习,@小*** 1号链接99元21天APP阅读卡，养成识字习惯，锻炼阅读思维，娃不累、妈不操心！,False,True
11:01,田博士带娃学习,特别提醒！一号链接21天会员畅享，不含平板&学习机哦,False,True
11:01,你***,21天之后怎么办,True,False
11:01,田博士带娃学习,@你*** 1号链接99元21天APP阅读卡，养成识字习惯，锻炼阅读思维，娃不累、妈不操心！,False,True
11:01,田博士带娃学习,仅直播间活动力度，优惠数量有限，每个手机号码限购一次哦,False,True
11:01,初***,怎么使用,True,False
11:02,田博士带娃学习,软件提供超3000本精致绘本，包含典故、名著、小百科，培养并激励孩子的识字积极性哦~,False,True
11:02,大***,只能学21天吗,True,False
11:02,田博士带娃学习,@大*** 1号链接99元21天APP阅读卡，养成识字习惯，锻炼阅读思维，娃不累、妈不操心！,False,True
11:02,田博士带娃学习,@你*** 联系阅读老师续费,False,True
11:02,田博士带娃学习,下单后务必查看短信！点击链接，核销领取🌟专属客服🌟协助产品开通、使用！,False,True
11:02,小***,99能学多少字,False,False
11:02,田博士带娃学习,@小*** 根据小朋友基础、投入时间、吸收能力等，不同小朋友学习效果不同,False,True
11:02,天***,拍的时候电话号码填在那里,False,False
11:03,A***,拍了怎么用,True,False
11:03,田博士带娃学习,3岁以上，直接拍1号链接99元21天，0基础弱基础启蒙识字，小朋友快速打破识字瓶颈～,False,True
11:03,夏***,会员多少钱,False,False
11:03,田博士带娃学习,@天*** 下单页面最上方,False,True
11:03,田博士带娃学习,正在讲解：3-8岁快速识字、自主阅读方法！0基础可用！1号链接名额有限，先到先得！,False,True
11:04,阳***,21天以后还想学呢？,True,False
11:04,田博士带娃学习,@阳*** 1号链接99元21天APP阅读卡，养成识字习惯，锻炼阅读思维，娃不累、妈不操心！,False,True
11:04,田博士带娃学习,支持各类手机/平板/学习机！APP内每阅读20分钟自动护眼提醒！,False,True
11:05,A***,点开链接核销是吗,True,False
11:05,田博士带娃学习,@A*** 是的,False,True
11:05,田博士带娃学习,1号链接99元21天APP阅读卡，养成识字习惯，锻炼阅读思维，娃不累、妈不操心！,False,True
11:05,田博士带娃学习,今天在直播间下单，除产品外让孩子再拥有一个专属识字指导客服,False,True
11:06,田博士带娃学习,特别提醒！一号链接21天会员畅享，不含平板&学习机哦,False,True
11:06,田博士带娃学习,仅直播间活动力度，优惠数量有限，每个手机号码限购一次哦,False,True
11:07,鱼***,后期还在收费吗？,True,False
11:07,田博士带娃学习,软件提供超3000本精致绘本，包含典故、名著、小百科，培养并激励孩子的识字积极性哦~,False,True
11:07,张***,拍完了等人联系我是吗,True,False
11:07,田博士带娃学习,@张*** 下单后务必查看短信！点击链接，核销领取🌟专属客服🌟协助产品开通、使用！,False,True
11:08,鱼***,寿后期还在收费吗？,True,False
11:08,心***,小学二年级怎么样,True,False
11:08,田博士带娃学习,@心*** 3岁以上，直接拍1号链接99元21天，0基础弱基础启蒙识字，小朋友快速打破识字瓶颈～,False,True
11:08,田博士带娃学习,下单后务必查看短信！点击链接，核销领取🌟专属客服🌟协助产品开通、使用！,False,True
11:08,鱼***,收期还在收费吗,True,False
11:08,手***,就21天啊,False,False
11:08,田博士带娃学习,@手*** 1号链接99元21天APP阅读卡，养成识字习惯，锻炼阅读思维，娃不累、妈不操心！,False,True
11:08,手***,时间太短了,False,False
11:08,田博士带娃学习,@手*** 1号链接99元21天APP阅读卡，养成识字习惯，锻炼阅读思维，娃不累、妈不操心！,False,True
11:08,田博士带娃学习,3岁以上，直接拍1号链接99元21天，0基础弱基础启蒙识字，小朋友快速打破识字瓶颈～,False,True
11:09,田博士带娃学习,正在讲解：3-8岁快速识字、自主阅读方法！0基础可用！1号链接名额有限，先到先得！,False,True
11:09,田博士带娃学习,@手*** 到期联系阅读老师,False,True
11:09,张***,怎么打开呀？我拍完了。,True,False
11:09,田博士带娃学习,@张*** 下单后务必查看短信！点击链接，核销领取🌟专属客服🌟协助产品开通、使用！,False,True
11:09,田博士带娃学习,支持各类手机/平板/学习机！APP内每阅读20分钟自动护眼提醒！,False,True
11:09,抖***,有书吗,True,False
11:09,田博士带娃学习,@抖*** 1号链接99元21天APP阅读卡，养成识字习惯，锻炼阅读思维，娃不累、妈不操心！,False,True
11:10,J***,已拍,False,False
11:10,田博士带娃学习,@J*** 下单后务必查看短信！点击链接，核销领取🌟专属客服🌟协助产品开通、使用！,False,True
11:10,田博士带娃学习,1号链接99元21天APP阅读卡，养成识字习惯，锻炼阅读思维，娃不累、妈不操心！,False,True
11:10,田博士带娃学习,@抖*** 没有书,True,True
11:11,田博士带娃学习,今天在直播间下单，除产品外让孩子再拥有一个专属识字指导客服,False,True
11:11,田博士带娃学习,特别提醒！一号链接21天会员畅享，不含平板&学习机哦,False,True
11:12,鱼***,发过来的核销码是什么,False,False
11:12,田博士带娃学习,@鱼*** 1号链接99元21天APP阅读卡，养成识字习惯，锻炼阅读思维，娃不累、妈不操心！,False,True
11:12,田博士带娃学习,@鱼*** 点击去核销,False,True
11:12,田博士带娃学习,仅直播间活动力度，优惠数量有限，每个手机号码限购一次哦,False,True
11:12,田博士带娃学习,软件提供超3000本精致绘本，包含典故、名著、小百科，培养并激励孩子的识字积极性哦~,False,True
11:13,岁***,达不到会退钱吗,True,False
11:13,田博士带娃学习,下单后务必查看短信！点击链接，核销领取🌟专属客服🌟协助产品开通、使用！,False,True
11:14,田博士带娃学习,3岁以上，直接拍1号链接99元21天，0基础弱基础启蒙识字，小朋友快速打破识字瓶颈～,False,True
11:14,岁***,家长勤快有啥用,False,False
11:14,田博士带娃学习,正在讲解：3-8岁快速识字、自主阅读方法！0基础可用！1号链接名额有限，先到先得！,False,True
11:15,田博士带娃学习,@岁*** 开通之后不支持退,False,True
11:15,田博士带娃学习,支持各类手机/平板/学习机！APP内每阅读20分钟自动护眼提醒！,False,True
11:16,田博士带娃学习,1号链接99元21天APP阅读卡，养成识字习惯，锻炼阅读思维，娃不累、妈不操心！,False,True
11:16,对***,已拍,False,False
11:16,田博士带娃学习,@对*** 下单后务必查看短信！点击链接，核销领取🌟专属客服🌟协助产品开通、使用！,False,True
11:16,田博士带娃学习,今天在直播间下单，除产品外让孩子再拥有一个专属识字指导客服,False,True
11:16,快***,手机和平板都能用吗,True,False
11:17,田博士带娃学习,特别提醒！一号链接21天会员畅享，不含平板&学习机哦,False,True
11:17,田博士带娃学习,仅直播间活动力度，优惠数量有限，每个手机号码限购一次哦,False,True
11:18,田博士带娃学习,软件提供超3000本精致绘本，包含典故、名著、小百科，培养并激励孩子的识字积极性哦~,False,True
11:18,田博士带娃学习,下单后务必查看短信！点击链接，核销领取🌟专属客服🌟协助产品开通、使用！,False,True
11:19,田博士带娃学习,3岁以上，直接拍1号链接99元21天，0基础弱基础启蒙识字，小朋友快速打破识字瓶颈～,False,True
11:19,田博士带娃学习,正在讲解：3-8岁快速识字、自主阅读方法！0基础可用！1号链接名额有限，先到先得！,False,True
11:20,田博士带娃学习,支持各类手机/平板/学习机！APP内每阅读20分钟自动护眼提醒！,False,True
11:21,华***,一年级适合,False,False
11:21,田博士带娃学习,@华*** 3岁以上，直接拍1号链接99元21天，0基础弱基础启蒙识字，小朋友快速打破识字瓶颈～,False,True
11:21,田博士带娃学习,1号链接99元21天APP阅读卡，养成识字习惯，锻炼阅读思维，娃不累、妈不操心！,False,True
11:21,🧑***,支持小袁学练机吗,True,False
11:21,田博士带娃学习,今天在直播间下单，除产品外让孩子再拥有一个专属识字指导客服,False,True
11:22,田博士带娃学习,特别提醒！一号链接21天会员畅享，不含平板&学习机哦,False,True
11:22,花***,手机就能用是么？,True,False
11:23,田博士带娃学习,仅直播间活动力度，优惠数量有限，每个手机号码限购一次哦,False,True
11:23,田博士带娃学习,软件提供超3000本精致绘本，包含典故、名著、小百科，培养并激励孩子的识字积极性哦~,False,True
11:24,田博士带娃学习,@花*** 对,False,True
11:24,田博士带娃学习,下单后务必查看短信！点击链接，核销领取🌟专属客服🌟协助产品开通、使用！,False,True
11:25,田博士带娃学习,正在讲解：3-8岁快速识字、自主阅读方法！0基础可用！1号链接名额有限，先到先得！,False,True
11:26,田博士带娃学习,支持各类手机/平板/学习机！APP内每阅读20分钟自动护眼提醒！,False,True
11:26,田博士带娃学习,1号链接99元21天APP阅读卡，养成识字习惯，锻炼阅读思维，娃不累、妈不操心！,False,True
11:27,🧑***,只有21天吗,True,False
11:27,田博士带娃学习,@🧑*** 1号链接99元21天APP阅读卡，养成识字习惯，锻炼阅读思维，娃不累、妈不操心！,False,True
11:27,田博士带娃学习,今天在直播间下单，除产品外让孩子再拥有一个专属识字指导客服,False,True
11:27,🧑***,长期用怎么收费,True,False
11:27,田博士带娃学习,@🧑*** 到期联系阅读老师续费，比直播间更划算,False,True
11:27,田博士带娃学习,特别提醒！一号链接21天会员畅享，不含平板&学习机哦,False,True
11:28,田博士带娃学习,仅直播间活动力度，优惠数量有限，每个手机号码限购一次哦,False,True
11:29,田博士带娃学习,软件提供超3000本精致绘本，包含典故、名著、小百科，培养并激励孩子的识字积极性哦~,False,True
11:29,田博士带娃学习,下单后务必查看短信！点击链接，核销领取🌟专属客服🌟协助产品开通、使用！,False,True
11:30,追***,已拍,False,False
11:30,田博士带娃学习,正在讲解：3-8岁快速识字、自主阅读方法！0基础可用！1号链接名额有限，先到先得！,False,True
11:31,田博士带娃学习,支持各类手机/平板/学习机！APP内每阅读20分钟自动护眼提醒！,False,True
11:31,子***,以后的会员补差价还是重新交费,True,False
11:31,田博士带娃学习,@子*** 带起联系阅读老师,False,True
11:31,田博士带娃学习,到期联系阅读老师,False,True
11:31,田博士带娃学习,1号链接99元21天APP阅读卡，养成识字习惯，锻炼阅读思维，娃不累、妈不操心！,False,True
11:32,娴***,已拍,False,False
11:32,田博士带娃学习,@娴*** 下单后务必查看短信！点击链接，核销领取🌟专属客服🌟协助产品开通、使用！,False,True
11:32,田博士带娃学习,今天在直播间下单，除产品外让孩子再拥有一个专属识字指导客服,False,True
11:33,田博士带娃学习,特别提醒！一号链接21天会员畅享，不含平板&学习机哦,False,True
11:33,田博士带娃学习,仅直播间活动力度，优惠数量有限，每个手机号码限购一次哦,False,True
11:34,田博士带娃学习,软件提供超3000本精致绘本，包含典故、名著、小百科，培养并激励孩子的识字积极性哦~,False,True
11:35,田博士带娃学习,下单后务必查看短信！点击链接，核销领取🌟专属客服🌟协助产品开通、使用！,False,True
11:36,田博士带娃学习,正在讲解：3-8岁快速识字、自主阅读方法！0基础可用！1号链接名额有限，先到先得！,False,True
11:36,田博士带娃学习,支持各类手机/平板/学习机！APP内每阅读20分钟自动护眼提醒！,False,True
11:37,田博士带娃学习,1号链接99元21天APP阅读卡，养成识字习惯，锻炼阅读思维，娃不累、妈不操心！,False,True
11:38,田博士带娃学习,今天在直播间下单，除产品外让孩子再拥有一个专属识字指导客服,False,True
11:38,田博士带娃学习,特别提醒！一号链接21天会员畅享，不含平板&学习机哦,False,True
11:39,用***,用手机学习吗？,True,False
11:39,田博士带娃学习,仅直播间活动力度，优惠数量有限，每个手机号码限购一次哦,False,True
11:40,田博士带娃学习,软件提供超3000本精致绘本，包含典故、名著、小百科，培养并激励孩子的识字积极性哦~,False,True
11:40,熙***,以后还要收费吗,True,False
11:40,田博士带娃学习,下单后务必查看短信！点击链接，核销领取🌟专属客服🌟协助产品开通、使用！,False,True
11:41,田博士带娃学习,正在讲解：3-8岁快速识字、自主阅读方法！0基础可用！1号链接名额有限，先到先得！,False,True
11:42,田博士带娃学习,支持各类手机/平板/学习机！APP内每阅读20分钟自动护眼提醒！,False,True
11:42,田博士带娃学习,1号链接99元21天APP阅读卡，养成识字习惯，锻炼阅读思维，娃不累、妈不操心！,False,True
11:43,田博士带娃学习,今天在直播间下单，除产品外让孩子再拥有一个专属识字指导客服,False,True
11:44,田博士带娃学习,特别提醒！一号链接21天会员畅享，不含平板&学习机哦,False,True
11:44,田博士带娃学习,仅直播间活动力度，优惠数量有限，每个手机号码限购一次哦,False,True
11:45,田博士带娃学习,软件提供超3000本精致绘本，包含典故、名著、小百科，培养并激励孩子的识字积极性哦~,False,True
11:45,田博士带娃学习,下单后务必查看短信！点击链接，核销领取🌟专属客服🌟协助产品开通、使用！,False,True
11:46,🍀***,1号和2号有啥区别，刚进来,False,False
11:46,🍀***,拍了1号链接,False,False
11:46,田博士带娃学习,@🍀*** 下单后务必查看短信！点击链接，核销领取🌟专属客服🌟协助产品开通、使用！,False,True
11:46,田博士带娃学习,@�*** 没有2号链接啊,True,True
11:46,田博士带娃学习,正在讲解：3-8岁快速识字、自主阅读方法！0基础可用！1号链接名额有限，先到先得！,False,True
11:47,🍀***,明白了，大宝不需要了，大宝四年级，为2宝拍的，2宝刚好4岁,False,False
11:47,田博士带娃学习,@🍀*** 3岁以上，直接拍1号链接99元21天，0基础弱基础启蒙识字，小朋友快速打破识字瓶颈～,False,True
11:47,田博士带娃学习,支持各类手机/平板/学习机！APP内每阅读20分钟自动护眼提醒！,False,True
11:47,🍀***,认识20来个字吧，可能都有忘记一点了,False,False
11:47,田博士带娃学习,@🍀*** 根据小朋友基础、投入时间、吸收能力等，不同小朋友学习效果不同,False,True
11:48,田博士带娃学习,1号链接99元21天APP阅读卡，养成识字习惯，锻炼阅读思维，娃不累、妈不操心！,False,True
11:48,m***,年卡有优惠吗,True,False
11:48,田博士带娃学习,@m*** 联系阅读客服,False,True
11:48,田博士带娃学习,今天在直播间下单，除产品外让孩子再拥有一个专属识字指导客服,False,True
11:48,娜***,怎么学,True,False
11:49,田博士带娃学习,特别提醒！一号链接21天会员畅享，不含平板&学习机哦,False,True
11:49,田博士带娃学习,仅直播间活动力度，优惠数量有限，每个手机号码限购一次哦,False,True
11:50,田博士带娃学习,软件提供超3000本精致绘本，包含典故、名著、小百科，培养并激励孩子的识字积极性哦~,False,True
11:51,田博士带娃学习,下单后务必查看短信！点击链接，核销领取🌟专属客服🌟协助产品开通、使用！,False,True
11:52,田博士带娃学习,正在讲解：3-8岁快速识字、自主阅读方法！0基础可用！1号链接名额有限，先到先得！,False,True
11:52,田博士带娃学习,支持各类手机/平板/学习机！APP内每阅读20分钟自动护眼提醒！,False,True
11:53,田博士带娃学习,1号链接99元21天APP阅读卡，养成识字习惯，锻炼阅读思维，娃不累、妈不操心！,False,True
11:53,y***,需要下软件吧,False,False
11:53,田博士带娃学习,今天在直播间下单，除产品外让孩子再拥有一个专属识字指导客服,False,True
11:53,y***,已下单了,False,False
11:54,田博士带娃学习,特别提醒！一号链接21天会员畅享，不含平板&学习机哦,False,True
11:54,y***,截图了,False,False
11:54,田博士带娃学习,下单后务必查看短信！点击链接，核销领取🌟专属客服🌟协助产品开通、使用！,False,True
